{"0": {"island": 0, "iterations": 371, "time": 32.80423593521118, "ips": 11.309515049603048}, "1": {"island": 1, "iterations": 371, "time": 27.877877473831177, "ips": 13.30804328085077}, "2": {"island": 2, "iterations": 371, "time": 27.799216985702515, "ips": 13.345699635741896}, "3": {"island": 3, "iterations": 371, "time": 35.451125621795654, "ips": 10.465111995538614}, "4": {"island": 4, "iterations": 371, "time": 35.679219484329224, "ips": 10.398209528180626}, "5": {"island": 5, "iterations": 371, "time": 28.964717388153076, "ips": 12.808687032166368}, "6": {"island": 6, "iterations": 371, "time": 28.327338457107544, "ips": 13.096888737420839}, "7": {"island": 7, "iterations": 371, "time": 27.124099016189575, "ips": 13.677873678995237}, "8": {"island": 8, "iterations": 371, "time": 28.656306266784668, "ips": 12.946539464858512}, "9": {"island": 9, "iterations": 371, "time": 28.65937304496765, "ips": 12.94515408337394}, "10": {"island": 10, "iterations": 371, "time": 28.8081214427948, "ips": 12.878312830522686}, "11": {"island": 11, "iterations": 371, "time": 30.049070119857788, "ips": 12.346471904793699}, "12": {"island": 12, "iterations": 371, "time": 29.901130437850952, "ips": 12.407557659772024}, "13": {"island": 13, "iterations": 371, "time": 30.154228925704956, "ips": 12.303415249452499}, "14": {"island": 14, "iterations": 371, "time": 29.477736949920654, "ips": 12.585769410667009}, "15": {"island": 15, "iterations": 371, "time": 35.03822350502014, "ips": 10.588436367124736}, "16": {"island": 16, "iterations": 371, "time": 33.3148307800293, "ips": 11.136181433717423}, "17": {"island": 17, "iterations": 371, "time": 30.15571117401123, "ips": 12.302810497791706}, "18": {"island": 18, "iterations": 371, "time": 32.47224950790405, "ips": 11.425140100309191}, "19": {"island": 19, "iterations": 371, "time": 27.880019903182983, "ips": 13.307020629409378}, "20": {"island": 20, "iterations": 371, "time": 35.13295125961304, "ips": 10.559887134403132}, "21": {"island": 21, "iterations": 371, "time": 35.79037380218506, "ips": 10.365915764125097}, "22": {"island": 22, "iterations": 371, "time": 28.207093715667725, "ips": 13.152719799485292}, "23": {"island": 23, "iterations": 371, "time": 29.458338022232056, "ips": 12.59405740133772}, "24": {"island": 24, "iterations": 371, "time": 33.0524468421936, "ips": 11.224585029099702}, "25": {"island": 25, "iterations": 371, "time": 29.745093822479248, "ips": 12.47264514323449}, "26": {"island": 26, "iterations": 371, "time": 29.702391147613525, "ips": 12.490576874980263}, "27": {"island": 27, "iterations": 371, "time": 30.977033138275146, "ips": 11.976615008413873}, "28": {"island": 28, "iterations": 371, "time": 29.629053115844727, "ips": 12.521493634961974}, "29": {"island": 29, "iterations": 371, "time": 32.082390546798706, "ips": 11.563976177486552}, "30": {"island": 30, "iterations": 371, "time": 32.184550285339355, "ips": 11.527269969933283}, "31": {"island": 31, "iterations": 371, "time": 32.057743310928345, "ips": 11.57286701068343}, "32": {"island": 32, "iterations": 371, "time": 29.550298929214478, "ips": 12.55486453415252}, "33": {"island": 33, "iterations": 371, "time": 29.215622186660767, "ips": 12.698685574096407}, "34": {"island": 34, "iterations": 371, "time": 31.8490891456604, "ips": 11.648684780379368}, "35": {"island": 35, "iterations": 371, "time": 27.15514588356018, "ips": 13.662235570039956}, "36": {"island": 36, "iterations": 371, "time": 31.517745971679688, "ips": 11.771146335571158}, "37": {"island": 37, "iterations": 371, "time": 32.26592683792114, "ips": 11.498197521602734}, "38": {"island": 38, "iterations": 371, "time": 29.61599040031433, "ips": 12.5270164862041}, "39": {"island": 39, "iterations": 371, "time": 31.161932468414307, "ips": 11.90555176178644}, "40": {"island": 40, "iterations": 371, "time": 33.864925146102905, "ips": 10.955287761582246}, "41": {"island": 41, "iterations": 371, "time": 31.335853099822998, "ips": 11.839473424200333}, "42": {"island": 42, "iterations": 371, "time": 31.548521280288696, "ips": 11.759663684516278}, "43": {"island": 43, "iterations": 371, "time": 27.97165012359619, "ips": 13.263429163481263}, "44": {"island": 44, "iterations": 371, "time": 32.08431529998779, "ips": 11.56328244910812}, "45": {"island": 45, "iterations": 371, "time": 30.03026509284973, "ips": 12.354203296338396}, "46": {"island": 46, "iterations": 371, "time": 33.13525652885437, "ips": 11.196533205557985}, "47": {"island": 47, "iterations": 371, "time": 34.352720499038696, "ips": 10.799726909849303}, "48": {"island": 48, "iterations": 371, "time": 37.45798063278198, "ips": 9.904431411748691}, "49": {"island": 49, "iterations": 371, "time": 37.14513039588928, "ips": 9.987850252399632}, "50": {"island": 50, "iterations": 371, "time": 37.793116331100464, "ips": 9.816602493155589}, "51": {"island": 51, "iterations": 371, "time": 37.54961061477661, "ips": 9.880262243092428}, "52": {"island": 52, "iterations": 371, "time": 38.41876697540283, "ips": 9.656738859878779}, "53": {"island": 53, "iterations": 371, "time": 38.05108451843262, "ips": 9.75005061472771}, "54": {"island": 54, "iterations": 371, "time": 37.73659300804138, "ips": 9.831306178619323}, "55": {"island": 55, "iterations": 371, "time": 36.2727587223053, "ips": 10.228061307392649}, "56": {"island": 56, "iterations": 371, "time": 37.50875949859619, "ips": 9.891022922629181}, "57": {"island": 57, "iterations": 371, "time": 37.58071565628052, "ips": 9.872084485916334}, "58": {"island": 58, "iterations": 371, "time": 37.811020612716675, "ips": 9.811954133690445}, "59": {"island": 59, "iterations": 371, "time": 36.750521421432495, "ips": 10.095094862617023}, "60": {"island": 60, "iterations": 371, "time": 37.03361392021179, "ips": 10.017925898328809}, "61": {"island": 61, "iterations": 371, "time": 35.454630613327026, "ips": 10.464077430284803}, "62": {"island": 62, "iterations": 371, "time": 36.353715896606445, "ips": 10.205284132581125}, "63": {"island": 63, "iterations": 371, "time": 37.17923641204834, "ips": 9.978687993704286}, "64": {"island": 64, "iterations": 371, "time": 38.54126691818237, "ips": 9.626045785873625}, "65": {"island": 65, "iterations": 371, "time": 38.01390480995178, "ips": 9.759586705306704}, "66": {"island": 66, "iterations": 371, "time": 37.38926982879639, "ips": 9.922632929147603}, "67": {"island": 67, "iterations": 371, "time": 35.73868656158447, "ips": 10.380907517703463}, "68": {"island": 68, "iterations": 371, "time": 34.92381286621094, "ips": 10.62312415374741}, "69": {"island": 69, "iterations": 371, "time": 37.374042987823486, "ips": 9.9266755839306}, "70": {"island": 70, "iterations": 371, "time": 38.39012789726257, "ips": 9.663942797816372}, "71": {"island": 71, "iterations": 371, "time": 38.60622525215149, "ips": 9.609849126063535}, "72": {"island": 72, "iterations": 371, "time": 36.50727677345276, "ips": 10.162357556885278}, "73": {"island": 73, "iterations": 371, "time": 34.31340932846069, "ips": 10.812099621132084}, "74": {"island": 74, "iterations": 371, "time": 36.474966526031494, "ips": 10.171359574387116}, "75": {"island": 75, "iterations": 371, "time": 37.01951766014099, "ips": 10.02174051552964}, "76": {"island": 76, "iterations": 371, "time": 37.47718381881714, "ips": 9.899356413587363}, "77": {"island": 77, "iterations": 371, "time": 37.669105768203735, "ips": 9.848919756230552}, "78": {"island": 78, "iterations": 371, "time": 38.375914335250854, "ips": 9.667522101465908}, "79": {"island": 79, "iterations": 371, "time": 37.15603590011597, "ips": 9.98491876252176}, "80": {"island": 80, "iterations": 371, "time": 37.05148506164551, "ips": 10.013093925459067}, "81": {"island": 81, "iterations": 371, "time": 36.19451951980591, "ips": 10.25017060378398}, "82": {"island": 82, "iterations": 371, "time": 37.411461353302, "ips": 9.916747076421137}, "83": {"island": 83, "iterations": 371, "time": 37.98018431663513, "ips": 9.768251699544908}, "84": {"island": 84, "iterations": 371,