{"0": {"island": 0, "iterations": 371, "time": 10.574500799179077, "ips": 35.084398502178146}, "1": {"island": 1, "iterations": 371, "time": 10.751038551330566, "ips": 34.50829408048997}, "2": {"island": 2, "iterations": 371, "time": 10.985290765762329, "ips": 33.772433330239146}, "3": {"island": 3, "iterations": 371, "time": 10.649219989776611, "ips": 34.838232317124145}, "4": {"island": 4, "iterations": 371, "time": 10.5404052734375, "ips": 35.19788759308372}, "5": {"island": 5, "iterations": 371, "time": 11.444579124450684, "ips": 32.417094238737}, "6": {"island": 6, "iterations": 371, "time": 10.440507173538208, "ips": 35.534672198713785}, "7": {"island": 7, "iterations": 371, "time": 10.596848964691162, "ips": 35.01040745566694}, "8": {"island": 8, "iterations": 371, "time": 10.714149475097656, "ips": 34.62710697310096}, "9": {"island": 9, "iterations": 371, "time": 10.894481658935547, "ips": 34.05393772871327}, "10": {"island": 10, "iterations": 371, "time": 10.185579061508179, "ips": 36.42404597319635}, "11": {"island": 11, "iterations": 371, "time": 11.188618421554565, "ips": 33.15869627703799}, "12": {"island": 12, "iterations": 371, "time": 10.897890567779541, "ips": 34.043285504893056}, "13": {"island": 13, "iterations": 371, "time": 11.180474042892456, "ips": 33.18285061766666}, "14": {"island": 14, "iterations": 371, "time": 11.071755170822144, "ips": 33.50868893648513}, "15": {"island": 15, "iterations": 371, "time": 11.112323760986328, "ips": 33.38635626353188}, "16": {"island": 16, "iterations": 371, "time": 10.074228048324585, "ips": 36.826643016255716}, "17": {"island": 17, "iterations": 371, "time": 10.679996013641357, "ips": 34.737840681413054}, "18": {"island": 18, "iterations": 371, "time": 11.447682857513428, "ips": 32.408305210560805}, "19": {"island": 19, "iterations": 371, "time": 11.072975397109985, "ips": 33.504996326175345}, "20": {"island": 20, "iterations": 371, "time": 11.193379402160645, "ips": 33.14459259090122}, "21": {"island": 21, "iterations": 371, "time": 11.120855569839478, "ips": 33.3607425858652}, "22": {"island": 22, "iterations": 371, "time": 11.234679937362671, "ips": 33.02274760549092}, "23": {"island": 23, "iterations": 371, "time": 11.245975494384766, "ips": 32.98957926640016}, "24": {"island": 24, "iterations": 371, "time": 11.218185424804688, "ips": 33.07130217153272}, "25": {"island": 25, "iterations": 371, "time": 11.216540098190308, "ips": 33.07615331931615}, "26": {"island": 26, "iterations": 371, "time": 10.519800662994385, "ips": 35.266827945235754}, "27": {"island": 27, "iterations": 371, "time": 10.691517114639282, "ips": 34.700407437220576}, "28": {"island": 28, "iterations": 371, "time": 11.260001420974731, "ips": 32.94848607291597}, "29": {"island": 29, "iterations": 371, "time": 11.107301473617554, "ips": 33.40145226824103}, "30": {"island": 30, "iterations": 371, "time": 10.968064308166504, "ips": 33.825476362658094}, "31": {"island": 31, "iterations": 371, "time": 10.847940921783447, "ips": 34.20003876081269}, "32": {"island": 32, "iterations": 371, "time": 10.737466812133789, "ips": 34.55191121808679}, "33": {"island": 33, "iterations": 371, "time": 10.875608205795288, "ips": 34.11303469007877}, "34": {"island": 34, "iterations": 371, "time": 11.327529668807983, "ips": 32.75206605916937}, "35": {"island": 35, "iterations": 371, "time": 10.874797821044922, "ips": 34.11557677716457}, "36": {"island": 36, "iterations": 371, "time": 11.36627197265625, "ips": 32.64042958786414}, "37": {"island": 37, "iterations": 371, "time": 11.231560468673706, "ips": 33.03191938776162}, "38": {"island": 38, "iterations": 371, "time": 11.24544382095337, "ips": 32.99113898099108}, "39": {"island": 39, "iterations": 371, "time": 11.152003288269043, "ips": 33.26756551356655}, "40": {"island": 40, "iterations": 371, "time": 11.137327671051025, "ips": 33.311402066793}, "41": {"island": 41, "iterations": 371, "time": 11.001424789428711, "ips": 33.72290472380401}, "42": {"island": 42, "iterations": 371, "time": 11.645329713821411, "ips": 31.858264996969027}, "43": {"island": 43, "iterations": 371, "time": 11.50823426246643, "ips": 32.237786574261804}, "44": {"island": 44, "iterations": 371, "time": 10.31956171989441, "ips": 35.95113921212113}, "45": {"island": 45, "iterations": 371, "time": 10.97090768814087, "ips": 33.81670966031706}, "46": {"island": 46, "iterations": 371, "time": 11.341988325119019, "ips": 32.71031404417416}, "47": {"island": 47, "iterations": 371, "time": 11.13111662864685, "ips": 33.32998946801085}, "48": {"island": 48, "iterations": 371, "time": 11.323783874511719, "ips": 32.762900114604804}, "49": {"island": 49, "iterations": 371, "time": 16.159319639205933, "ips": 22.958887396464107}, "50": {"island": 50, "iterations": 371, "time": 16.176812887191772, "ips": 22.93406016297219}, "51": {"island": 51, "iterations": 371, "time": 13.848042726516724, "ips": 26.790789668029838}, "52": {"island": 52, "iterations": 371, "time": 13.916304588317871, "ips": 26.659376247875336}, "53": {"island": 53, "iterations": 371, "time": 15.015110492706299, "ips": 24.708442883601556}, "54": {"island": 54, "iterations": 371, "time": 13.809064388275146, "ips": 26.866411044835502}, "55": {"island": 55, "iterations": 371, "time": 16.185768842697144, "ips": 22.921370223780965}, "56": {"island": 56, "iterations": 371, "time": 15.028400897979736, "ips": 24.68659190811668}, "57": {"island": 57, "iterations": 371, "time": 15.001275300979614, "ips": 24.73123068248557}, "58": {"island": 58, "iterations": 371, "time": 15.040652990341187, "ips": 24.66648224902529}, "59": {"island": 59, "iterations": 371, "time": 16.078904628753662, "ips": 23.07371108704422}, "60": {"island": 60, "iterations": 371, "time": 14.990267992019653, "ips": 24.749390751219973}, "61": {"island": 61, "iterations": 371, "time": 15.019614696502686, "ips": 24.70103311547581}, "62": {"island": 62, "iterations": 371, "time": 15.070857286453247, "ips": 24.617046857280048}, "63": {"island": 63, "iterations": 371, "time": 15.029484272003174, "ips": 24.68481241842053}, "64": {"island": 64, "iterations": 371, "time": 16.19796133041382, "ips": 22.90411690904573}, "65": {"island": 65, "iterations": 371, "time": 18.287050485610962, "ips": 20.287580016904244}, "66": {"island": 66, "iterations": 371, "time": 18.232670783996582, "ips": 20.348088571074236}, "67": {"island": 67, "iterations": 371, "time": 16.161843299865723, "ips": 22.955302382066925}, "68": {"island": 68, "iterations": 371, "time": 16.15525197982788, "ips": 22.96466811308459}, "69": {"island": 69, "iterations": 371, "time": 18.114619255065918, "ips": 20.48069544140413}, "70": {"island": 70, "iterations": 371, "time": 14.94199538230896, "ips": 24.82934778839893}, "71": {"island": 71, "iterations": 371, "time": 18.27676486968994, "ips": 20.298997259370765}, "72": {"island": 72, "iterations": 371, "time": 17.231854915618896, "ips": 21.529893433801305}, "73": {"island": 73, "iterations": 371, "time": 18.240746021270752, "ips": 20.339080406435816}, "74": {"island": 74, "iterations": 371, "time": 17.169265031814575, "ips": 21.608379817804583}, "75": {"island": 75, "iterations": 371, "time": 17.30528712272644, "ips": 21.43853478817918}, "76": {"island": 76, "iterations": 371, "time": 17.33473491668701, "ips": 21.40211556640896}, "77": {"island": 77, "iterations": 371, "time": 17.316906690597534, "ips": 21.424149626066868}, "78": {"island": 78, "iterations": 371, "time": 17.200000286102295, "ips": 21.5697670830721}, "79": {"island": 79, "iterations": 371, "time": 19.219868421554565, "ips": 19.302941719618303}, "80": {"island": 80, "iterations": 371, "time": 18.145488739013672, "ips": 20.44585325510314}, "81": {"island": 81, "iterations": 371, "time": 19.20575499534607, "ips": 19.317126563881533}, "82": {"island": 82, "iterations": 371, "time": 20.033641815185547, "ips": 18.51884961419152}, "83": {"island": 83, "iterations": 371, "time": 18.273578643798828, "ips": 20.30253664220826}, "84": {"island": 84,