{"0": {"island": 0, "iterations": 371, "time": 40.7780487537384, "ips": 9.098032184926158}, "1": {"island": 1, "iterations": 371, "time": 40.31530547142029, "ips": 9.202460347547254}, "2": {"island": 2, "iterations": 371, "time": 40.68075680732727, "ips": 9.119791004801977}, "3": {"island": 3, "iterations": 371, "time": 39.66957378387451, "ips": 9.352255762092652}, "4": {"island": 4, "iterations": 371, "time": 40.70198369026184, "ips": 9.115034854892432}, "5": {"island": 5, "iterations": 371, "time": 40.53695201873779, "ips": 9.152143452435917}, "6": {"island": 6, "iterations": 371, "time": 38.931565284729004, "ips": 9.529542346593642}, "7": {"island": 7, "iterations": 371, "time": 37.25294542312622, "ips": 9.958944072370914}, "8": {"island": 8, "iterations": 371, "time": 32.49718999862671, "ips": 11.416371692927235}, "9": {"island": 9, "iterations": 371, "time": 38.26723003387451, "ips": 9.694979220382226}, "10": {"island": 10, "iterations": 371, "time": 39.38805055618286, "ips": 9.419100330208218}, "11": {"island": 11, "iterations": 371, "time": 40.660959005355835, "ips": 9.124231426787846}, "12": {"island": 12, "iterations": 371, "time": 38.22490096092224, "ips": 9.705715140485978}, "13": {"island": 13, "iterations": 371, "time": 40.46650671958923, "ips": 9.168075776118437}, "14": {"island": 14, "iterations": 371, "time": 40.600600719451904, "ips": 9.137795831238833}, "15": {"island": 15, "iterations": 371, "time": 39.56681752204895, "ips": 9.376543862625724}, "16": {"island": 16, "iterations": 371, "time": 36.368955850601196, "ips": 10.201007736488734}, "17": {"island": 17, "iterations": 371, "time": 40.29328727722168, "ips": 9.207489015415506}, "18": {"island": 18, "iterations": 371, "time": 40.62586808204651, "ips": 9.132112555742614}, "19": {"island": 19, "iterations": 371, "time": 38.545714139938354, "ips": 9.624935178346998}, "20": {"island": 20, "iterations": 371, "time": 39.42068433761597, "ips": 9.411302879031574}, "21": {"island": 21, "iterations": 371, "time": 40.30145812034607, "ips": 9.205622260418954}, "22": {"island": 22, "iterations": 371, "time": 32.87430238723755, "ips": 11.28541058088063}, "23": {"island": 23, "iterations": 371, "time": 40.463184118270874, "ips": 9.168828605173399}, "24": {"island": 24, "iterations": 371, "time": 40.61977028846741, "ips": 9.133483458062114}, "25": {"island": 25, "iterations": 371, "time": 39.7755708694458, "ips": 9.327333131628016}, "26": {"island": 26, "iterations": 371, "time": 37.77085900306702, "ips": 9.82238714692389}, "27": {"island": 27, "iterations": 371, "time": 39.34992218017578, "ips": 9.428227031841685}, "28": {"island": 28, "iterations": 371, "time": 31.130717277526855, "ips": 11.917489619419193}, "29": {"island": 29, "iterations": 371, "time": 39.83716154098511, "ips": 9.312912508043759}, "30": {"island": 30, "iterations": 371, "time": 40.606863021850586, "ips": 9.136386620172177}, "31": {"island": 31, "iterations": 371, "time": 39.39199495315552, "ips": 9.41815717739578}, "32": {"island": 32, "iterations": 371, "time": 37.506032943725586, "ips": 9.8917419647301}, "33": {"island": 33, "iterations": 371, "time": 37.74429225921631, "ips": 9.829300744390302}, "34": {"island": 34, "iterations": 371, "time": 32.745015382766724, "ips": 11.329968719307809}, "35": {"island": 35, "iterations": 371, "time": 40.201430320739746, "ips": 9.228527369301153}, "36": {"island": 36, "iterations": 371, "time": 40.59543967247009, "ips": 9.138957552702518}, "37": {"island": 37, "iterations": 371, "time": 39.88975954055786, "ips": 9.3006326504121}, "38": {"island": 38, "iterations": 371, "time": 37.821125984191895, "ips": 9.809332491979932}, "39": {"island": 39, "iterations": 371, "time": 40.05284595489502, "ips": 9.262762511752516}}