{"0": {"island": 0, "iterations": 371, "time": 8.248952627182007, "ips": 44.975406790127295, "start": 1685097307.8764474, "end": 1685097316.1254}, "1": {"island": 1, "iterations": 371, "time": 4.824838161468506, "ips": 76.8937708549132, "start": 1685097307.872501, "end": 1685097312.697339}, "2": {"island": 2, "iterations": 371, "time": 8.560688972473145, "ips": 43.33763336022939, "start": 1685097307.9097693, "end": 1685097316.4704583}, "3": {"island": 3, "iterations": 371, "time": 5.832667112350464, "ips": 63.60726454188013, "start": 1685097307.8556964, "end": 1685097313.6883636}, "4": {"island": 4, "iterations": 371, "time": 10.401797771453857, "ips": 35.66691144661096, "start": 1685097307.936768, "end": 1685097318.3385658}, "5": {"island": 5, "iterations": 371, "time": 10.20944356918335, "ips": 36.33890500358348, "start": 1685097307.9111733, "end": 1685097318.120617}, "6": {"island": 6, "iterations": 371, "time": 5.935238599777222, "ips": 62.508017792903125, "start": 1685097307.8681312, "end": 1685097313.8033698}, "7": {"island": 7, "iterations": 371, "time": 5.087787389755249, "ips": 72.91971373391983, "start": 1685097307.8751035, "end": 1685097312.9628909}, "8": {"island": 8, "iterations": 371, "time": 5.5914626121521, "ips": 66.35115456082889, "start": 1685097307.9013658, "end": 1685097313.4928284}, "9": {"island": 9, "iterations": 371, "time": 10.2167649269104, "ips": 36.312864458964526, "start": 1685097307.8537579, "end": 1685097318.0705228}, "10": {"island": 10, "iterations": 371, "time": 5.303140640258789, "ips": 69.95854441112758, "start": 1685097307.8682425, "end": 1685097313.1713831}, "11": {"island": 11, "iterations": 371, "time": 10.223807573318481, "ips": 36.28785042553177, "start": 1685097307.8742712, "end": 1685097318.0980787}, "12": {"island": 12, "iterations": 371, "time": 6.191183090209961, "ips": 59.92392642799687, "start": 1685097307.8996446, "end": 1685097314.0908277}, "13": {"island": 13, "iterations": 371, "time": 5.2995336055755615, "ips": 70.00616046847526, "start": 1685097307.8755445, "end": 1685097313.1750782}, "14": {"island": 14, "iterations": 371, "time": 5.188096761703491, "ips": 71.50984591085067, "start": 1685097307.8629115, "end": 1685097313.0510082}, "15": {"island": 15, "iterations": 371, "time": 4.908078193664551, "ips": 75.58966776016211, "start": 1685097307.865206, "end": 1685097312.7732842}, "16": {"island": 16, "iterations": 371, "time": 7.255785226821899, "ips": 51.13161269280037, "start": 1685097307.990936, "end": 1685097315.2467213}, "17": {"island": 17, "iterations": 371, "time": 10.197107791900635, "ips": 36.38286537430526, "start": 1685097307.8788247, "end": 1685097318.0759325}, "18": {"island": 18, "iterations": 371, "time": 6.060147523880005, "ips": 61.2196317891726, "start": 1685097307.8681216, "end": 1685097313.9282691}, "19": {"island": 19, "iterations": 371, "time": 5.416936635971069, "ips": 68.48889417247032, "start": 1685097307.8697624, "end": 1685097313.286699}, "20": {"island": 20, "iterations": 371, "time": 9.570824146270752, "ips": 38.763641911084456, "start": 1685097307.8607092, "end": 1685097317.4315333}, "21": {"island": 21, "iterations": 371, "time": 8.819010019302368, "ips": 42.06821391380482, "start": 1685097307.8607388, "end": 1685097316.6797488}, "22": {"island": 22, "iterations": 371, "time": 6.286982297897339, "ips": 59.01082306595324, "start": 1685097307.8984983, "end": 1685097314.1854806}, "23": {"island": 23, "iterations": 371, "time": 9.735670566558838, "ips": 38.107287778856445, "start": 1685097307.9464118, "end": 1685097317.6820824}, "24": {"island": 24, "iterations": 371, "time": 9.575392007827759, "ips": 38.745150036334, "start": 1685097307.9194274, "end": 1685097317.4948194}, "25": {"island": 25, "iterations": 371, "time": 5.734261989593506, "ips": 64.6988227383555, "start": 1685097307.898995, "end": 1685097313.633257}, "26": {"island": 26, "iterations": 371, "time": 8.01251745223999, "ips": 46.3025512532622, "start": 1685097307.916212, "end": 1685097315.9287295}, "27": {"island": 27, "iterations": 371, "time": 5.579371929168701, "ips": 66.49493970108517, "start": 1685097307.8761895, "end": 1685097313.4555614}, "28": {"island": 28, "iterations": 371, "time": 4.804126739501953, "ips": 77.225273211352, "start": 1685097307.867914, "end": 1685097312.6720407}, "29": {"island": 29, "iterations": 371, "time": 4.664458990097046, "ips": 79.53762714768368, "start": 1685097307.857988, "end": 1685097312.522447}, "30": {"island": 30, "iterations": 371, "time": 10.338130950927734, "ips": 35.88656419240915, "start": 1685097307.8984642, "end": 1685097318.2365952}, "31": {"island": 31, "iterations": 371, "time": 10.831100940704346, "ips": 34.25321230326138, "start": 1685097307.9391272, "end": 1685097318.7702281}, "32": {"island": 32, "iterations": 371, "time": 5.622883558273315, "ips": 65.98038109007673, "start": 1685097307.8993943, "end": 1685097313.5222778}, "33": {"island": 33, "iterations": 371, "time": 9.864504337310791, "ips": 37.609593681940645, "start": 1685097307.851202, "end": 1685097317.7157063}, "34": {"island": 34, "iterations": 371, "time": 8.570175886154175, "ips": 43.28965997061753, "start": 1685097307.9206502, "end": 1685097316.4908261}, "35": {"island": 35, "iterations": 371, "time": 5.652031898498535, "ips": 65.6401107889282, "start": 1685097307.8627121, "end": 1685097313.514744}, "36": {"island": 36, "iterations": 371, "time": 5.818443059921265, "ips": 63.7627619930718, "start": 1685097307.8714569, "end": 1685097313.6899}, "37": {"island": 37, "iterations": 371, "time": 8.36121129989624, "ips": 44.37156133162237, "start": 1685097307.87282, "end": 1685097316.2340312}, "38": {"island": 38, "iterations": 371, "time": 5.861888408660889, "ips": 63.29018468721628, "start": 1685097307.8983305, "end": 1685097313.7602189}, "39": {"island": 39, "iterations": 371, "time": 10.130711555480957, "ips": 36.621317068225096, "start": 1685097307.9369385, "end": 1685097318.06765}, "40": {"island": 40, "iterations": 371, "time": 5.3437299728393555, "ips": 69.42716078201676, "start": 1685097307.884598, "end": 1685097313.228328}, "41": {"island": 41, "iterations": 371, "time": 4.903338670730591, "ips": 75.66273205124571, "start": 1685097307.8722744, "end": 1685097312.775613}, "42": {"island": 42, "iterations": 371, "time": 9.597103595733643, "ips": 38.657496639395106, "start": 1685097307.8453124, "end": 1685097317.442416}, "43": {"island": 43, "iterations": 371, "time": 5.787734270095825, "ips": 64.10107698221216, "start": 1685097307.9018369, "end": 1685097313.6895711}, "44": {"island": 44, "iterations": 371, "time": 5.531275987625122, "ips": 67.073131196133, "start": 1685097307.8853881, "end": 1685097313.4166641}, "45": {"island": 45, "iterations": 371, "time": 8.422417879104614, "ips": 44.04910862003453, "start": 1685097307.9082432, "end": 1685097316.330661}, "46": {"island": 46, "iterations": 371, "time": 9.218363046646118, "ips": 40.24575709621021, "start": 1685097307.8625302, "end": 1685097317.0808933}, "47": {"island": 47, "iterations": 371, "time": 9.959237337112427, "ips": 37.25184845404713, "start": 1685097307.9179049, "end": 1685097317.8771422}, "48": {"island": 48, "iterations": 371, "time": 4.733024835586548, "ips": 78.38539050345449, "start": 1685097307.8843932, "end": 1685097312.617418}, "49": {"island": 49, "iterations": 371, "time": 4.824340581893921, "ips": 76.9017016320092, "start": 1685097307.861004, "end": 1685097312.6853447}, "50": {"island": 50, "iterations": 371, "time": 5.212513446807861, "ips": 71.17487634054932, "start": 1685097307.8774498, "end": 1685097313.0899632}, "51": {"island": 51, "iterations": 371, "time": 5.6434431076049805, "ips": 65.74000887863095, "start": 1685097307.9191906, "end": 1685097313.5626338}, "52": {"island": 52, "iterations": 371, "time": 4.810678005218506, "ips": 77.12010647928385, "start": 1685097307.8721316, "end": 1685097312.6828096}, "53": {"island": 53, "iterations": 371, "time": 9.285537481307983, "ips": 39.95460690852115,