{"0": {"island": 0, "iterations": 371, "time": 5.040176153182983, "ips": 73.60853841699665, "start": 1685096601.9440696, "end": 1685096606.9842458}, "1": {"island": 1, "iterations": 371, "time": 8.338483095169067, "ips": 44.49250490355258, "start": 1685096602.033699, "end": 1685096610.3721821}, "2": {"island": 2, "iterations": 371, "time": 5.797600507736206, "ips": 63.991991084060516, "start": 1685096601.937781, "end": 1685096607.7353816}, "3": {"island": 3, "iterations": 371, "time": 9.74829888343811, "ips": 38.05792214991593, "start": 1685096601.897184, "end": 1685096611.6454828}, "4": {"island": 4, "iterations": 371, "time": 9.61902379989624, "ips": 38.56940243811456, "start": 1685096601.9132156, "end": 1685096611.5322394}, "5": {"island": 5, "iterations": 371, "time": 8.638777494430542, "ips": 42.945891387894335, "start": 1685096601.8983266, "end": 1685096610.5371041}, "6": {"island": 6, "iterations": 371, "time": 5.3499064445495605, "ips": 69.34700706364158, "start": 1685096602.0165887, "end": 1685096607.3664951}, "7": {"island": 7, "iterations": 371, "time": 7.241730690002441, "ips": 51.23084741499479, "start": 1685096601.8916953, "end": 1685096609.133426}, "8": {"island": 8, "iterations": 371, "time": 9.97974944114685, "ips": 37.17528202365023, "start": 1685096601.9301944, "end": 1685096611.9099438}, "9": {"island": 9, "iterations": 371, "time": 9.391814231872559, "ips": 39.502484912973976, "start": 1685096601.9239008, "end": 1685096611.315715}, "10": {"island": 10, "iterations": 371, "time": 5.4650537967681885, "ips": 67.88588251764226, "start": 1685096601.8958478, "end": 1685096607.3609016}, "11": {"island": 11, "iterations": 371, "time": 5.129782199859619, "ips": 72.32275865633297, "start": 1685096601.8866055, "end": 1685096607.0163877}, "12": {"island": 12, "iterations": 371, "time": 8.641045808792114, "ips": 42.934617893416785, "start": 1685096601.905889, "end": 1685096610.5469348}, "13": {"island": 13, "iterations": 371, "time": 8.012701511383057, "ips": 46.301487640959486, "start": 1685096601.8747997, "end": 1685096609.8875012}, "14": {"island": 14, "iterations": 371, "time": 8.562089920043945, "ips": 43.33054236343454, "start": 1685096601.8913355, "end": 1685096610.4534254}, "15": {"island": 15, "iterations": 371, "time": 10.29989767074585, "ips": 36.01977532783922, "start": 1685096601.9205844, "end": 1685096612.220482}, "16": {"island": 16, "iterations": 371, "time": 8.24958610534668, "ips": 44.97195316981411, "start": 1685096601.8930624, "end": 1685096610.1426485}, "17": {"island": 17, "iterations": 371, "time": 9.371635913848877, "ips": 39.587538761696564, "start": 1685096601.9132614, "end": 1685096611.2848973}, "18": {"island": 18, "iterations": 371, "time": 5.075062990188599, "ips": 73.10254093737129, "start": 1685096601.8829556, "end": 1685096606.9580185}, "19": {"island": 19, "iterations": 371, "time": 4.929317951202393, "ips": 75.26396220992463, "start": 1685096601.9080052, "end": 1685096606.8373232}, "20": {"island": 20, "iterations": 371, "time": 5.439400911331177, "ips": 68.2060407106866, "start": 1685096601.9331343, "end": 1685096607.3725352}, "21": {"island": 21, "iterations": 371, "time": 5.704560279846191, "ips": 65.03568755522083, "start": 1685096601.8751998, "end": 1685096607.57976}, "22": {"island": 22, "iterations": 371, "time": 8.77934718132019, "ips": 42.25826731050987, "start": 1685096601.9101596, "end": 1685096610.6895068}, "23": {"island": 23, "iterations": 371, "time": 7.593199729919434, "ips": 48.859507611547635, "start": 1685096602.0323484, "end": 1685096609.6255481}, "24": {"island": 24, "iterations": 371, "time": 5.44525408744812, "ips": 68.13272512942854, "start": 1685096601.90987, "end": 1685096607.355124}, "25": {"island": 25, "iterations": 371, "time": 8.51261591911316, "ips": 43.58237274243786, "start": 1685096601.924534, "end": 1685096610.43715}, "26": {"island": 26, "iterations": 371, "time": 5.216744422912598, "ips": 71.11715083654882, "start": 1685096601.8984814, "end": 1685096607.1152258}, "27": {"island": 27, "iterations": 371, "time": 8.464317560195923, "ips": 43.83105871932958, "start": 1685096601.9274178, "end": 1685096610.3917353}, "28": {"island": 28, "iterations": 371, "time": 8.61754822731018, "ips": 43.05168827767631, "start": 1685096601.8776307, "end": 1685096610.495179}, "29": {"island": 29, "iterations": 371, "time": 8.541106224060059, "ips": 43.436996364113035, "start": 1685096601.880238, "end": 1685096610.4213443}, "30": {"island": 30, "iterations": 371, "time": 8.76703691482544, "ips": 42.31760440892212, "start": 1685096601.872601, "end": 1685096610.639638}, "31": {"island": 31, "iterations": 371, "time": 5.238264799118042, "ips": 70.82498007020658, "start": 1685096602.0133352, "end": 1685096607.2516}, "32": {"island": 32, "iterations": 371, "time": 4.938835620880127, "ips": 75.11892042559737, "start": 1685096601.8890486, "end": 1685096606.8278842}, "33": {"island": 33, "iterations": 371, "time": 9.36681342124939, "ips": 39.60792035831053, "start": 1685096601.9073877, "end": 1685096611.2742012}, "34": {"island": 34, "iterations": 371, "time": 9.281952381134033, "ips": 39.97003914328126, "start": 1685096601.9154189, "end": 1685096611.1973712}, "35": {"island": 35, "iterations": 371, "time": 9.878698587417603, "ips": 37.555554177200925, "start": 1685096601.9452827, "end": 1685096611.8239813}, "36": {"island": 36, "iterations": 371, "time": 5.12701153755188, "ips": 72.3618422316152, "start": 1685096601.9133232, "end": 1685096607.0403347}, "37": {"island": 37, "iterations": 371, "time": 8.782541036605835, "ips": 42.24289968628252, "start": 1685096601.9083755, "end": 1685096610.6909165}, "38": {"island": 38, "iterations": 371, "time": 7.911646127700806, "ips": 46.89289611943449, "start": 1685096601.8812823, "end": 1685096609.7929285}, "39": {"island": 39, "iterations": 371, "time": 5.9318482875823975, "ips": 62.54374387434071, "start": 1685096602.0214484, "end": 1685096607.9532967}}